{
    "name": "Limit Subform Records",
    "description": "Example form package to limit subform records",
    "assets_map": {
        "option_list": [],
        "pages": {
            "3584440": {
                "page_level": {
                    "id": 3584440,
                    "name": "limit_subform_records_p",
                    "permissions": {
                        "modify": true,
                        "view": true,
                        "collect": true
                    },
                    "global_id": "0P3584440H05A69",
                    "label": "Limit Subform Records",
                    "description": "Description",
                    "version": 5,
                    "created_date": "2017-04-29T19:47:48+00:00",
                    "created_by": "jhsu",
                    "modified_date": "2017-05-01T02:54:02+00:00",
                    "modified_by": "jhsu",
                    "is_disabled": false,
                    "reference_id_1": "",
                    "reference_id_2": "",
                    "reference_id_3": "FORMINFO_PROPERTYLIST=version,modified_date",
                    "reference_id_4": "",
                    "reference_id_5": "FORMBRANDING_INFOBARCOLOR=#93B6BB",
                    "icon": "http:\/\/cdn.mysitemyway.com\/etc-mysitemyway\/icons\/legacy-previews\/icons-256\/firey-orange-jelly-icons-signs\/091498-firey-orange-jelly-icon-signs-z-roadsign39.png",
                    "sort_order": 0,
                    "page_javascript": "\/\/add page level javascript here\nfunction getUsername(){\n  return iformbuilder.email; \n}\n\nfunction runningTotal(sub_index) {\n  sub_index = Number(sub_index);\n  var running_total = 0;\n  for(var i=0; i <= sub_index; i++) {\n    running_total += jhsu_test_form.add_number[i].number_entry;\n  }\n  return running_total;\n}\n\nfunction my_function() {\n  var info = \"\";\n  info += iformbuilder.username;\n  info += iformbuilder.email;\n  return info;\n}",
                    "label_icons": "",
                    "localizations": []
                },
                "elements": [{
                    "id": 280461292,
                    "name": "child",
                    "global_id": "0E280461292H37A56",
                    "version": 1,
                    "label": "Subform",
                    "data_type": 18,
                    "data_size": 3584443,
                    "created_date": "2017-04-29T19:47:50+00:00",
                    "created_by": "jhsu",
                    "modified_date": "2017-04-29T19:47:50+00:00",
                    "modified_by": "jhsu",
                    "widget_type": "M;D",
                    "sort_order": 0,
                    "optionlist_id": 0,
                    "low_value": 1,
                    "high_value": 10,
                    "keyboard_type": 1,
                    "weighted_score": 0
                }],
                "callbacks": [],
                "email": []
            },
            "3584443": {
                "page_level": {
                    "id": 3584443,
                    "name": "limit_subform_records_subform_c",
                    "permissions": {
                        "modify": true,
                        "view": true,
                        "collect": true
                    },
                    "global_id": "0P3584443HD6880",
                    "label": "Subform",
                    "description": "limit_subform_records_subform_c",
                    "version": 7,
                    "created_date": "2017-04-29T19:47:49+00:00",
                    "created_by": "jhsu",
                    "modified_date": "2017-05-01T16:24:45+00:00",
                    "modified_by": "jhsu",
                    "is_disabled": false,
                    "reference_id_1": "",
                    "reference_id_2": "",
                    "reference_id_3": "",
                    "reference_id_4": "",
                    "reference_id_5": "",
                    "icon": "",
                    "sort_order": 0,
                    "page_javascript": "",
                    "label_icons": "",
                    "localizations": []
                },
                "elements": [{
                    "id": 280461295,
                    "name": "my_element_1",
                    "global_id": "0E280461295HB9CDE",
                    "version": 1,
                    "label": "To set the number of subform records allowed, modify the dynamic value of \u0027length_error\u0027. Subform Index shown for demonstration, set condition value to \u0027false\u0027 in real form to hide visibility.",
                    "data_type": 16,
                    "data_size": 50,
                    "created_date": "2017-04-29T19:47:50+00:00",
                    "created_by": "jhsu",
                    "modified_date": "2017-04-29T19:47:50+00:00",
                    "modified_by": "jhsu",
                    "sort_order": 0,
                    "optionlist_id": 0,
                    "low_value": 1,
                    "high_value": 10,
                    "keyboard_type": 1,
                    "weighted_score": 0
                }, {
                    "id": 280461298,
                    "name": "sub_index",
                    "global_id": "0E280461298HEFDDB",
                    "version": 1,
                    "label": "Subform Index",
                    "data_type": 2,
                    "data_size": 50,
                    "created_date": "2017-04-29T19:47:51+00:00",
                    "created_by": "jhsu",
                    "modified_date": "2017-04-29T19:47:51+00:00",
                    "modified_by": "jhsu",
                    "sort_order": 1,
                    "optionlist_id": 0,
                    "low_value": 1,
                    "high_value": 10,
                    "dynamic_value": "limit_subform_records_p.child.index",
                    "keyboard_type": 1,
                    "weighted_score": 0
                }, {
                    "id": 280461301,
                    "name": "length_error",
                    "global_id": "0E280461301H890EE",
                    "version": 1,
                    "label": "The maximum number of subform records has been entered. Please press back and delete this record.",
                    "data_type": 16,
                    "data_size": 50,
                    "created_date": "2017-04-29T19:47:51+00:00",
                    "created_by": "jhsu",
                    "modified_date": "2017-04-29T19:47:51+00:00",
                    "modified_by": "jhsu",
                    "sort_order": 2,
                    "optionlist_id": 0,
                    "low_value": 1,
                    "high_value": 10,
                    "condition_value": "limit_subform_records_p.child[limit_subform_records_p.child.index].sub_index > 3",
                    "is_required": true,
                    "keyboard_type": 1,
                    "weighted_score": 0
                }],
                "callbacks": [],
                "email": []
            }
        }
    }
}
